Year,Population
1,200000000
2,200138816.4
3,200277729.1
4,200416738.2
5,200555843.8
6,200695046
7,200834344.7
8,200973740.2
9,201113232.4
10,201252821.4
11,201392507.4
12,201532290.2
13,201672170.1
14,201812147.1
15,201952221.2
16,202092392.6
17,202232661.2
18,202373027.2
19,202513490.7
20,202654051.6
21,202794710.1
22,202935466.2
23,203076320
24,203217271.6
25,203358321
26,203499468.3
27,203640713.6
28,203782056.9
29,203923498.3
30,204065037.9
31,204206675.7
32,204348411.8
33,204490246.4
34,204632179.3
35,204774210.8
36,204916340.8
37,205058569.5
38,205200896.9
39,205343323.1
40,205485848.2
41,205628472.2
42,205771195.2
43,205914017.2
44,206056938.4
45,206199958.7
46,206343078.4
47,206486297.3
48,206629615.7
49,206773033.6
50,206916551
51,207060168
52,207203884.7
53,207347701.1
54,207491617.4
55,207635633.5
56,207779749.6
57,207923965.8
58,208068282
59,208212698.4
60,208357215.1
61,208501832
62,208646549.3
63,208791367.1
64,208936285.4
65,209081304.3
66,209226423.8
67,209371644
68,209516965.1
69,209662387
70,209807909.8
71,209953533.7
72,210099258.6
73,210245084.7
74,210391012
75,210537040.5
76,210683170.5
77,210829401.8
78,210975734.7
79,211122169.1
80,211268705.1
81,211415342.9
82,211562082.4
83,211708923.8
84,211855867.1
85,212002912.4
86,212150059.8
87,212297309.3
88,212444661
89,212592114.9
90,212739671.2
91,212887330
92,213035091.2
93,213182955
94,213330921.4
95,213478990.5
96,213627162.4
97,213775437.1
98,213923814.7
99,214072295.3
100,214220879
101,214369565.8
102,214518355.8
103,214667249.1
104,214816245.8
105,214965345.8
106,215114549.3
107,215263856.4
108,215413267.1
109,215562781.6
110,215712399.8
111,215862121.8
112,216011947.8
113,216161877.7
114,216311911.8
115,216462049.9
116,216612292.3
117,216762638.9
118,216913089.9
119,217063645.4
120,217214305.3
121,217365069.8
122,217515938.9
123,217666912.8
124,217817991.4
125,217969174.9
126,218120463.3
127,218271856.8
128,218423355.3
129,218574959
130,218726667.9
131,218878482.1
132,219030401.6
133,219182426.6
134,219334557.2
135,219486793.3
136,219639135.1
137,219791582.6
138,219944135.9
139,220096795.1
140,220249560.3
141,220402431.5
142,220555408.8
143,220708492.3
144,220861682.1
145,221014978.2
146,221168380.6
147,221321889.6
148,221475505.1
149,221629227.2
150,221783056
151,221936991.6
152,222091034
153,222245183.3
154,222399439.7
155,222553803.1
156,222708273.6
157,222862851.4
158,223017536.4
159,223172328.8
160,223327228.7
161,223482236
162,223637351
163,223792573.6
164,223947903.9
165,224103342.1
166,224258888.1
167,224414542.1
168,224570304.2
169,224726174.4
170,224882152.7
171,225038239.3
172,225194434.2
173,225350737.6
174,225507149.4
175,225663669.8
176,225820298.9
177,225977036.6
178,226133883.2
179,226290838.6
180,226447902.9
181,226605076.3
182,226762358.8
183,226919750.4
184,227077251.3
185,227234861.4
186,227392581
187,227550410.1
188,227708348.7
189,227866396.9
190,228024554.8
191,228182822.5
192,228341200
193,228499687.5
194,228658285
195,228816992.5
196,228975810.2
197,229134738.2
198,229293776.4
199,229452925
200,229612184.1
201,229771553.8
202,229931034
203,230090625
204,230250326.7
205,230410139.2
206,230570062.7
207,230730097.2
208,230890242.8
209,231050499.5
210,231210867.4
211,231371346.7
212,231531937.3
213,231692639.4
214,231853453
215,232014378.3
216,232175415.3
217,232336564
218,232497824.6
219,232659197.1
220,232820681.6
221,232982278.2
222,233143986.9
223,233305807.9
224,233467741.2
225,233629786.9
226,233791945.1
227,233954215.8
228,234116599.2
229,234279095.3
230,234441704.1
231,234604425.8
232,234767260.5
233,234930208.2
234,235093269
235,235256442.9
236,235419730.1
237,235583130.7
238,235746644.6
239,235910272.1
240,236074013.1
241,236237867.8
242,236401836.2
243,236565918.4
244,236730114.5
245,236894424.5
246,237058848.6
247,237223386.9
248,237388039.3
249,237552806
250,237717687.1
251,237882682.6
252,238047792.6
253,238213017.3
254,238378356.6
255,238543810.7
256,238709379.6
257,238875063.4
258,239040862.3
259,239206776.2
260,239372805.2
261,239538949.5
262,239705209.2
263,239871584.2
264,240038074.7
265,240204680.7
266,240371402.4
267,240538239.8
268,240705193
269,240872262.1
270,241039447.2
271,241206748.3
272,241374165.5
273,241541698.9
274,241709348.6
275,241877114.6
276,242044997.1
277,242212996.2
278,242381111.8
279,242549344.1
280,242717693.2
281,242886159.1
282,243054742
283,243223441.9
284,243392258.8
285,243561192.9
286,243730244.3
287,243899413.1
288,244068699.2
289,244238102.8
290,244407624.1
291,244577262.9
292,244747019.6
293,244916894
294,245086886.4
295,245256996.7
296,245427225.1
297,245597571.7
298,245768036.5
299,245938619.6
300,246109321.1
301,246280141.1
302,246451079.7
303,246622136.9
304,246793312.8
305,246964607.6
306,247136021.2
307,247307553.8
308,247479205.5
309,247650976.3
310,247822866.3
311,247994875.6
312,248167004.4
313,248339252.6
314,248511620.3
315,248684107.7
316,248856714.8
317,249029441.7
318,249202288.5
319,249375255.3
320,249548342.1
321,249721549.1
322,249894876.3
323,250068323.7
324,250241891.6
325,250415580
326,250589388.8
327,250763318.4
328,250937368.6
329,251111539.7
330,251285831.6
331,251460244.5
332,251634778.5
333,251809433.6
334,251984210
335,252159107.6
336,252334126.7
337,252509267.2
338,252684529.3
339,252859913
340,253035418.5
341,253211045.7
342,253386794.9
343,253562666.1
344,253738659.3
345,253914774.7
346,254091012.3
347,254267372.2
348,254443854.6
349,254620459.4
350,254797186.9
351,254974037
352,255151009.8
353,255328105.5
354,255505324
355,255682665.6
356,255860130.3
357,256037718.2
358,256215429.3
359,256393263.7
360,256571221.6
361,256749303.1
362,256927508.1
363,257105836.8
364,257284289.3
365,257462865.6
366,257641565.9
367,257820390.2
368,257999338.6
369,258178411.3
370,258357608.2
371,258536929.5
372,258716375.3
373,258895945.6
374,259075640.6
375,259255460.3
376,259435404.7
377,259615474.1
378,259795668.5
379,259975987.9
380,260156432.5
381,260337002.4
382,260517697.6
383,260698518.1
384,260879464.2
385,261060535.9
386,261241733.3
387,261423056.4
388,261604505.4
389,261786080.3
390,261967781.3
391,262149608.3
392,262331561.6
393,262513641.2
394,262695847.1
395,262878179.5
396,263060638.5
397,263243224.1
398,263425936.4
399,263608775.5
400,263791741.6
401,263974834.6
402,264158054.7
403,264341402
404,264524876.6
405,264708478.5
406,264892207.8
407,265076064.7
408,265260049.1
409,265444161.3
410,265628401.3
411,265812769.1
412,265997264.9
413,266181888.8
414,266366640.8
415,266551521
416,266736529.6
417,266921666.5
418,267106932
419,267292326
420,267477848.8
421,267663500.3
422,267849280.6
423,268035189.9
424,268221228.3
425,268407395.8
426,268593692.4
427,268780118.4
428,268966673.8
429,269153358.7
430,269340173.1
431,269527117.2
432,269714191.1
433,269901394.8
434,270088728.4
435,270276192.1
436,270463785.9
437,270651509.9
438,270839364.2
439,271027348.8
440,271215464
441,271403709.7
442,271592086.1
443,271780593.2
444,271969231.1
445,272158000
446,272346899.9
447,272535931
448,272725093.2
449,272914386.7
450,273103811.6
451,273293368
452,273483055.9
453,273672875.6
454,273862826.9
455,274052910.1
456,274243125.2
457,274433472.4
458,274623951.7
459,274814563.2
460,275005306.9
461,275196183.1
462,275387191.8
463,275578333
464,275769606.9
465,275961013.6
466,276152553.1
467,276344225.5
468,276536031
469,276727969.7
470,276920041.5
471,277112246.7
472,277304585.2
473,277497057.3
474,277689662.9
475,277882402.3
476,278075275.4
477,278268282.4
478,278461423.3
479,278654698.3
480,278848107.5
481,279041650.9
482,279235328.6
483,279429140.7
484,279623087.4
485,279817168.7
486,280011384.7
487,280205735.5
488,280400221.2
489,280594841.9
490,280789597.7
491,280984488.6
492,281179514.8
493,281374676.4
494,281569973.4
495,281765406
496,281960974.3
497,282156678.2
498,282352518.1
499,282548493.8
500,282744605.6
501,282940853.4
502,283137237.5
503,283333757.9
504,283530414.7
505,283727208
506,283924137.9
507,284121204.5
508,284318407.8
509,284515748.1
510,284713225.3
511,284910839.5
512,285108591
513,285306479.6
514,285504505.7
515,285702669.1
516,285900970.2
517,286099408.8
518,286297985.2
519,286496699.4
520,286695551.6
521,286894541.7
522,287093670
523,287292936.5
524,287492341.3
525,287691884.5
526,287891566.2
527,288091386.5
528,288291345.4
529,288491443.2
530,288691679.9
531,288892055.5
532,289092570.2
533,289293224.1
534,289494017.3
535,289694949.8
536,289896021.8
537,290097233.3
538,290298584.5
539,290500075.5
540,290701706.3
541,290903477.1
542,291105387.9
543,291307438.8
544,291509630
545,291711961.5
546,291914433.5
547,292117046
548,292319799.1
549,292522692.9
550,292725727.6
551,292928903.2
552,293132219.8
553,293335677.6
554,293539276.5
555,293743016.8
556,293946898.5
557,294150921.6
558,294355086.4
559,294559392.9
560,294763841.3
561,294968431.5
562,295173163.7
563,295378038
564,295583054.5
565,295788213.3
566,295993514.5
567,296198958.2
568,296404544.5
569,296610273.5
570,296816145.3
571,297022160
572,297228317.7
573,297434618.4
574,297641062.4
575,297847649.6
576,298054380.3
577,298261254.4
578,298468272.1
579,298675433.5
580,298882738.7
581,299090187.7
582,299297780.8
583,299505517.9
584,299713399.2
585,299921424.8
586,300129594.8
587,300337909.3
588,300546368.4
589,300754972.2
590,300963720.7
591,301172614.1
592,301381652.6
593,301590836.1
594,301800164.8
595,302009638.8
596,302219258.2
597,302429023.1
598,302638933.5
599,302848989.7
600,303059191.7
601,303269539.5
602,303480033.4
603,303690673.4
604,303901459.5
605,304112392
606,304323470.9
607,304534696.2
608,304746068.2
609,304957586.9
610,305169252.4
611,305381064.8
612,305593024.3
613,305805130.8
614,306017384.6
615,306229785.7
616,306442334.2
617,306655030.3
618,306867873.9
619,307080865.3
620,307294004.6
621,307507291.7
622,307720726.9
623,307934310.3
624,308148041.9
625,308361921.8
626,308575950.2
627,308790127.2
628,309004452.8
629,309218927.1
630,309433550.4
631,309648322.6
632,309863243.8
633,310078314.3
634,310293534
635,310508903
636,310724421.6
637,310940089.8
638,311155907.6
639,311371875.3
640,311587992.8
641,311804260.4
642,312020678
643,312237245.9
644,312453964.1
645,312670832.7
646,312887851.8
647,313105021.6
648,313322342.1
649,313539813.4
650,313757435.7
651,313975209
652,314193133.5
653,314411209.2
654,314629436.3
655,314847814.9
656,315066345
657,315285026.8
658,315503860.4
659,315722845.9
660,315941983.4
661,316161272.9
662,316380714.7
663,316600308.8
664,316820055.3
665,317039954.3
666,317260006
667,317480210.4
668,317700567.6
669,317921077.8
670,318141741
671,318362557.4
672,318583527.1
673,318804650.1
674,319025926.6
675,319247356.7
676,319468940.5
677,319690678
678,319912569.5
679,320134615
680,320356814.6
681,320579168.4
682,320801676.6
683,321024339.2
684,321247156.3
685,321470128.1
686,321693254.7
687,321916536.1
688,322139972.5
689,322363564
690,322587310.7
691,322811212.7
692,323035270
693,323259482.9
694,323483851.5
695,323708375.7
696,323933055.8
697,324157891.8
698,324382883.9
699,324608032.2
700,324833336.7
701,325058797.6
702,325284415
703,325510189
704,325736119.7
705,325962207.2
706,326188451.6
707,326414853.1
708,326641411.7
709,326868127.5
710,327095000.7
711,327322031.4
712,327549219.7
713,327776565.6
714,328004069.4
715,328231731
716,328459550.7
717,328687528.5
718,328915664.5
719,329143958.9
720,329372411.7
721,329601023.1
722,329829793.2
723,330058722
724,330287809.8
725,330517056.5
726,330746462.4
727,330976027.5
728,331205751.9
729,331435635.8
730,331665679.2
731,331895882.3
732,332126245.2
733,332356768
734,332587450.8
735,332818293.7
736,333049296.8
737,333280460.2
738,333511784.1
739,333743268.6
740,333974913.7
741,334206719.6
742,334438686.4
743,334670814.2
744,334903103.1
745,335135553.3
746,335368164.8
747,335600937.7
748,335833872.2
749,336066968.4
750,336300226.3
751,336533646.2
752,336767228.1
753,337000972.1
754,337234878.3
755,337468946.9
756,337703177.9
757,337937571.5
758,338172127.9
759,338406847
760,338641729
761,338876774.1
762,339111982.3
763,339347353.7
764,339582888.5
765,339818586.8
766,340054448.7
767,340290474.3
768,340526663.7
769,340763017.1
770,340999534.5
771,341236216.1
772,341473061.9
773,341710072.1
774,341947246.9
775,342184586.2
776,342422090.3
777,342659759.2
778,342897593.1
779,343135592.1
780,343373756.3
781,343612085.7
782,343850580.6
783,344089241.1
784,344328067.1
785,344567059
786,344806216.7
787,345045540.4
788,345285030.2
789,345524686.3
790,345764508.7
791,346004497.5
792,346244652.9
793,346484975
794,346725464
795,346966119.8
796,347206942.7
797,347447932.7
798,347689089.9
799,347930414.6
800,348171906.8
801,348413566.6
802,348655394.1
803,348897389.4
804,349139552.7
805,349381884.1
806,349624383.8
807,349867051.7
808,350109888
809,350352892.9
810,350596066.5
811,350839408.8
812,351082920.1
813,351326600.3
814,351570449.7
815,351814468.4
816,352058656.4
817,352303013.9
818,352547541
819,352792237.8
820,353037104.5
821,353282141.1
822,353527347.8
823,353772724.7
824,354018271.9
825,354263989.5
826,354509877.7
827,354755936.6
828,355002166.2
829,355248566.7
830,355495138.3
831,355741881
832,355988794.9
833,356235880.3
834,356483137.1
835,356730565.6
836,356978165.8
837,357225937.8
838,357473881.8
839,357721997.9
840,357970286.3
841,358218746.9
842,358467380
843,358716185.7
844,358965164.1
845,359214315.2
846,359463639.4
847,359713136.5
848,359962806.9
849,360212650.5
850,360462667.5
851,360712858.1
852,360963222.3
853,361213760.3
854,361464472.2
855,361715358.1
856,361966418.2
857,362217652.5
858,362469061.1
859,362720644.3
860,362972402.1
861,363224334.6
862,363476442
863,363728724.4
864,363981181.9
865,364233814.6
866,364486622.6
867,364739606.2
868,364992765.3
869,365246100.1
870,365499610.8
871,365753297.4
872,366007160.1
873,366261199
874,366515414.2
875,366769805.9
876,367024374.2
877,367279119.1
878,367534040.8
879,367789139.5
880,368044415.3
881,368299868.2
882,368555498.4
883,368811306.1
884,369067291.3
885,369323454.2
886,369579794.8
887,369836313.4
888,370093010.1
889,370349884.9
890,370606938
891,370864169.5
892,371121579.6
893,371379168.3
894,371636935.9
895,371894882.3
896,372153007.7
897,372411312.4
898,372669796.3
899,372928459.6
900,373187302.5
901,373446325
902,373705527.3
903,373964909.5
904,374224471.7
905,374484214.1
906,374744136.7
907,375004239.8
908,375264523.4
909,375524987.7
910,375785632.8
911,376046458.7
912,376307465.7
913,376568653.9
914,376830023.3
915,377091574.2
916,377353306.6
917,377615220.6
918,377877316.5
919,378139594.2
920,378402054
921,378664696
922,378927520.3
923,379190527
924,379453716.2
925,379717088.1
926,379980642.8
927,380244380.5
928,380508301.2
929,380772405.1
930,381036692.2
931,381301162.9
932,381565817.1
933,381830654.9
934,382095676.7
935,382360882.3
936,382626272
937,382891845.9
938,383157604.2
939,383423546.9
940,383689674.2
941,383955986.2
942,384222483.1
943,384489164.9
944,384756031.8
945,385023084
946,385290321.5
947,385557744.5
948,385825353.1
949,386093147.5
950,386361127.7
951,386629293.9
952,386897646.2
953,387166184.9
954,387434909.9
955,387703821.4
956,387972919.5
957,388242204.5
958,388511676.3
959,388781335.2
960,389051181.2
961,389321214.6
962,389591435.3
963,389861843.6
964,390132439.7
965,390403223.5
966,390674195.2
967,390945355.1
968,391216703.1
969,391488239.5
970,391759964.4
971,392031877.8
972,392303980
973,392576271.1
974,392848751.1
975,393121420.3
976,393394278.7
977,393667326.5
978,393940563.8
979,394213990.8
980,394487607.5
981,394761414.2
982,395035410.9
983,395309597.8
984,395583975
985,395858542.6
986,396133300.8
987,396408249.7
988,396683389.5
989,396958720.2
990,397234242
991,397509955
992,397785859.5
993,398061955.4
994,398338242.9
995,398614722.3
996,398891393.5
997,399168256.7
998,399445312.1
999,399722559.9
1000,400000000
1001,400108338.4
1002,400216706.1
1003,400325103.2
1004,400433529.6
1005,400541985.4
1006,400650470.6
1007,400758985.1
1008,400867529.1
1009,400976102.4
1010,401084705.2
1011,401193337.3
1012,401301998.9
1013,401410689.9
1014,401519410.4
1015,401628160.3
1016,401736939.7
1017,401845748.5
1018,401954586.8
1019,402063454.6
1020,402172351.8
1021,402281278.6
1022,402390234.8
1023,402499220.6
1024,402608235.9
1025,402717280.7
1026,402826355
1027,402935458.9
1028,403044592.3
1029,403153755.3
1030,403262947.9
1031,403372170
1032,403481421.7
1033,403590703
1034,403700014
1035,403809354.5
1036,403918724.6
1037,404028124.3
1038,404137553.7
1039,404247012.7
1040,404356501.4
1041,404466019.7
1042,404575567.7
1043,404685145.4
1044,404794752.7
1045,404904389.7
1046,405014056.4
1047,405123752.8
1048,405233479
1049,405343234.8
1050,405453020.4
1051,405562835.7
1052,405672680.7
1053,405782555.5
1054,405892460.1
1055,406002394.4
1056,406112358.5
1057,406222352.4
1058,406332376.1
1059,406442429.6
1060,406552512.9
1061,406662626
1062,406772768.9
1063,406882941.6
1064,406993144.2
1065,407103376.7
1066,407213639
1067,407323931.1
1068,407434253.2
1069,407544605.1
1070,407654986.9
1071,407765398.6
1072,407875840.2
1073,407986311.7
1074,408096813.1
1075,408207344.5
1076,408317905.8
1077,408428497.1
1078,408539118.3
1079,408649769.4
1080,408760450.6
1081,408871161.7
1082,408981902.8
1083,409092673.9
1084,409203475
1085,409314306.1
1086,409425167.2
1087,409536058.3
1088,409646979.5
1089,409757930.7
1090,409868912
1091,409979923.3
1092,410090964.7
1093,410202036.2
1094,410313137.8
1095,410424269.4
1096,410535431.2
1097,410646623
1098,410757845
1099,410869097.1
1100,410980379.3
1101,411091691.7
1102,411203034.2
1103,411314406.9
1104,411425809.7
1105,411537242.7
1106,411648705.9
1107,411760199.3
1108,411871722.9
1109,411983276.7
1110,412094860.7
1111,412206474.9
1112,412318119.4
1113,412429794.1
1114,412541499
1115,412653234.2
1116,412764999.6
1117,412876795.4
1118,412988621.4
1119,413100477.7
1120,413212364.3
1121,413324281.2
1122,413436228.4
1123,413548205.9
1124,413660213.7
1125,413772251.9
1126,413884320.5
1127,413996419.4
1128,414108548.6
1129,414220708.2
1130,414332898.2
1131,414445118.6
1132,414557369.4
1133,414669650.6
1134,414781962.2
1135,414894304.2
1136,415006676.6
1137,415119079.5
1138,415231512.8
1139,415343976.6
1140,415456470.8
1141,415568995.5
1142,415681550.7
1143,415794136.4
1144,415906752.5
1145,416019399.2
1146,416132076.4
1147,416244784
1148,416357522.3
1149,416470291
1150,416583090.3
1151,416695920.1
1152,416808780.5
1153,416921671.5
1154,417034593
1155,417147545.2
1156,417260527.9
1157,417373541.2
1158,417486585.2
1159,417599659.7
1160,417712764.9
1161,417825900.7
1162,417939067.1
1163,418052264.2
1164,418165492
1165,418278750.4
1166,418392039.5
1167,418505359.3
1168,418618709.8
1169,418732091
1170,418845502.9
1171,418958945.5
1172,419072418.8
1173,419185922.9
1174,419299457.7
1175,419413023.2
1176,419526619.6
1177,419640246.6
1178,419753904.5
1179,419867593.1
1180,419981312.6
1181,420095062.8
1182,420208843.9
1183,420322655.7
1184,420436498.4
1185,420550371.9
1186,420664276.3
1187,420778211.5
1188,420892177.6
1189,421006174.5
1190,421120202.3
1191,421234261
1192,421348350.6
1193,421462471.1
1194,421576622.5
1195,421690804.8
1196,421805018.1
1197,421919262.3
1198,422033537.4
1199,422147843.5
1200,422262180.5
1201,422376548.5
1202,422490947.5
1203,422605377.4
1204,422719838.4
1205,422834330.3
1206,422948853.3
1207,423063407.3
1208,423177992.3
1209,423292608.3
1210,423407255.4
1211,423521933.6
1212,423636642.8
1213,423751383
1214,423866154.4
1215,423980956.8
1216,424095790.3
1217,424210655
1218,424325550.7
1219,424440477.5
1220,424555435.5
1221,424670424.6
1222,424785444.9
1223,424900496.3
1224,425015578.9
1225,425130692.6
1226,425245837.6
1227,425361013.7
1228,425476221
1229,425591459.5
1230,425706729.2
1231,425822030.2
1232,425937362.3
1233,426052725.7
1234,426168120.4
1235,426283546.3
1236,426399003.5
1237,426514491.9
1238,426630011.6
1239,426745562.6
1240,426861144.9
1241,426976758.6
1242,427092403.5
1243,427208079.7
1244,427323787.3
1245,427439526.2
1246,427555296.5
1247,427671098.1
1248,427786931.1
1249,427902795.4
1250,428018691.2
1251,428134618.3
1252,428250576.8
1253,428366566.8
1254,428482588.1
1255,428598640.9
1256,428714725.1
1257,428830840.7
1258,428946987.8
1259,429063166.4
1260,429179376.4
1261,429295617.9
1262,429411890.9
1263,429528195.3
1264,429644531.3
1265,429760898.8
1266,429877297.8
1267,429993728.3
1268,430110190.4
1269,430226684
1270,430343209.1
1271,430459765.8
1272,430576354.1
1273,430692974
1274,430809625.4
1275,430926308.5
1276,431043023.1
1277,431159769.4
1278,431276547.2
1279,431393356.8
1280,431510197.9
1281,431627070.7
1282,431743975.1
1283,431860911.2
1284,431977879
1285,432094878.5
1286,432211909.6
1287,432328972.5
1288,432446067
1289,432563193.3
1290,432680351.3
1291,432797541
1292,432914762.4
1293,433032015.6
1294,433149300.6
1295,433266617.3
1296,433383965.8
1297,433501346.1
1298,433618758.2
1299,433736202.1
1300,433853677.8
1301,433971185.3
1302,434088724.6
1303,434206295.8
1304,434323898.8
1305,434441533.7
1306,434559200.4
1307,434676899
1308,434794629.5
1309,434912391.9
1310,435030186.1
1311,435148012.3
1312,435265870.4
1313,435383760.4
1314,435501682.3
1315,435619636.1
1316,435737622
1317,435855639.7
1318,435973689.5
1319,436091771.2
1320,436209884.9
1321,436328030.5
1322,436446208.2
1323,436564417.9
1324,436682659.6
1325,436800933.3
1326,436919239.1
1327,437037576.9
1328,437155946.7
1329,437274348.7
1330,437392782.6
1331,437511248.7
1332,437629746.9
1333,437748277.1
1334,437866839.4
1335,437985433.9
1336,438104060.5
1337,438222719.2
1338,438341410
1339,438460133
1340,438578888.2
1341,438697675.5
1342,438816495
1343,438935346.7
1344,439054230.5
1345,439173146.6
1346,439292094.8
1347,439411075.3
1348,439530088
1349,439649133
1350,439768210.2
1351,439887319.6
1352,440006461.3
1353,440125635.3
1354,440244841.5
1355,440364080
1356,440483350.9
1357,440602654
1358,440721989.4
1359,440841357.2
1360,440960757.3
1361,441080189.7
1362,441199654.5
1363,441319151.6
1364,441438681.1
1365,441558243
1366,441677837.3
1367,441797463.9
1368,441917123
1369,442036814.4
1370,442156538.3
1371,442276294.6
1372,442396083.4
1373,442515904.6
1374,442635758.2
1375,442755644.3
1376,442875562.9
1377,442995513.9
1378,443115497.5
1379,443235513.5
1380,443355562
1381,443475643.1
1382,443595756.7
1383,443715902.8
1384,443836081.4
1385,443956292.6
1386,444076536.4
1387,444196812.7
1388,444317121.6
1389,444437463.1
1390,444557837.2
1391,444678243.9
1392,444798683.2
1393,444919155.1
1394,445039659.7
1395,445160196.9
1396,445280766.7
1397,445401369.2
1398,445522004.3
1399,445642672.2
1400,445763372.7
1401,445884105.9
1402,446004871.8
1403,446125670.4
1404,446246501.7
1405,446367365.8
1406,446488262.6
1407,446609192.1
1408,446730154.4
1409,446851149.5
1410,446972177.3
1411,447093237.9
1412,447214331.3
1413,447335457.5
1414,447456616.5
1415,447577808.3
1416,447699032.9
1417,447820290.4
1418,447941580.7
1419,448062903.8
1420,448184259.9
1421,448305648.8
1422,448427070.5
1423,448548525.2
1424,448670012.7
1425,448791533.2
1426,448913086.5
1427,449034672.8
1428,449156292.1
1429,449277944.2
1430,449399629.3
1431,449521347.4
1432,449643098.4
1433,449764882.4
1434,449886699.4
1435,450008549.4
1436,450130432.4
1437,450252348.4
1438,450374297.4
1439,450496279.5
1440,450618294.6
1441,450740342.7
1442,450862423.9
1443,450984538.2
1444,451106685.5
1445,451228865.9
1446,451351079.4
1447,451473326
1448,451595605.8
1449,451717918.6
1450,451840264.6
1451,451962643.7
1452,452085055.9
1453,452207501.3
1454,452329979.9
1455,452452491.6
1456,452575036.6
1457,452697614.7
1458,452820226
1459,452942870.5
1460,453065548.3
1461,453188259.2
1462,453311003.4
1463,453433780.9
1464,453556591.6
1465,453679435.5
1466,453802312.8
1467,453925223.3
1468,454048167.1
1469,454171144.2
1470,454294154.6
1471,454417198.3
1472,454540275.4
1473,454663385.8
1474,454786529.5
1475,454909706.6
1476,455032917.1
1477,455156160.9
1478,455279438.1
1479,455402748.7
1480,455526092.7
1481,455649470.1
1482,455772880.9
1483,455896325.1
1484,456019802.8
1485,456143313.9
1486,456266858.5
1487,456390436.5
1488,456514048
1489,456637693
1490,456761371.4
1491,456885083.4
1492,457008828.9
1493,457132607.9
1494,457256420.4
1495,457380266.4
1496,457504146
1497,457628059.2
1498,457752005.9
1499,457875986.1
1500,458000000
1501,459082886
1502,460168332.4
1503,461256345.2
1504,462346930.4
1505,463440094.2
1506,464535842.7
1507,465634181.9
1508,466735118
1509,467838657.2
1510,468944805.5
1511,470053569.2
1512,471164954.4
1513,472278967.4
1514,473395614.3
1515,474514901.4
1516,475636834.9
1517,476761421.1
1518,477888666.3
1519,479018576.6
1520,480151158.6
1521,481286418.3
1522,482424362.3
1523,483564996.8
1524,484708328.2
1525,485854362.8
1526,487003107.1
1527,488154567.5
1528,489308750.4
1529,490465662.2
1530,491625309.3
1531,492787698.3
1532,493952835.7
1533,495120727.9
1534,496291381.4
1535,497464802.8
1536,498640998.6
1537,499819975.4
1538,501001739.7
1539,502186298.1
1540,503373657.4
1541,504563823.9
1542,505756804.5
1543,506952605.8
1544,508151234.3
1545,509352696.9
1546,510557000.2
1547,511764151
1548,512974155.8
1549,514187021.7
1550,515402755.1
1551,516621363.1
1552,517842852.3
1553,519067229.5
1554,520294501.7
1555,521524675.5
1556,522757758
1557,523993756
1558,525232676.3
1559,526474525.9
1560,527719311.7
1561,528967040.7
1562,530217719.7
1563,531471355.9
1564,532727956.1
1565,533987527.4
1566,535250076.8
1567,536515611.3
1568,537784138.1
1569,539055664.1
1570,540330196.5
1571,541607742.4
1572,542888308.9
1573,544171903.1
1574,545458532.2
1575,546748203.5
1576,548040923.9
1577,549336700.9
1578,550635541.6
1579,551937453.2
1580,553242443.1
1581,554550518.4
1582,555861686.5
1583,557175954.7
1584,558493330.4
1585,559813820.8
1586,561137433.4
1587,562464175.5
1588,563794054.5
1589,565127077.8
1590,566463253
1591,567802587.3
1592,569145088.4
1593,570490763.6
1594,571839620.5
1595,573191666.7
1596,574546909.5
1597,575905356.7
1598,577267015.8
1599,578631894.4
1600,580000000
1601,580940370.5
1602,581882265.7
1603,582825688
1604,583770639.9
1605,584717123.8
1606,585665142.3
1607,586614697.9
1608,587565793
1609,588518430.2
1610,589472611.9
1611,590428340.6
1612,591385618.9
1613,592344449.2
1614,593304834.2
1615,594266776.2
1616,595230277.8
1617,596195341.6
1618,597161970.1
1619,598130165.8
1620,599099931.3
1621,600071269.1
1622,601044181.7
1623,602018671.8
1624,602994741.8
1625,603972394.3
1626,604951632
1627,605932457.3
1628,606914872.8
1629,607898881.2
1630,608884484.9
1631,609871686.7
1632,610860489
1633,611850894.5
1634,612842905.8
1635,613836525.5
1636,614831756.1
1637,615828600.4
1638,616827060.8
1639,617827140.1
1640,618828840.8
1641,619832165.6
1642,620837117.2
1643,621843698.1
1644,622851911
1645,623861758.5
1646,624873243.3
1647,625886368.1
1648,626901135.5
1649,627917548.2
1650,628935608.8
1651,629955320
1652,630976684.5
1653,631999705
1654,633024384.1
1655,634050724.5
1656,635078729
1657,636108400.3
1658,637139740.9
1659,638172753.7
1660,639207441.4
1661,640243806.6
1662,641281852.1
1663,642321580.7
1664,643362994.9
1665,644406097.7
1666,645450891.6
1667,646497379.6
1668,647545564.2
1669,648595448.2
1670,649647034.5
1671,650700325.7
1672,651755324.7
1673,652812034.2
1674,653870456.9
1675,654930595.7
1676,655992453.3
1677,657056032.6
1678,658121336.2
1679,659188367.1
1680,660257128
1681,661327621.7
1682,662399851
1683,663473818.7
1684,664549527.7
1685,665626980.8
1686,666706180.7
1687,667787130.5
1688,668869832.8
1689,669954290.5
1690,671040506.4
1691,672128483.5
1692,673218224.6
1693,674309732.4
1694,675403010
1695,676498060.2
1696,677594885.7
1697,678693489.6
1698,679793874.7
1699,680896043.9
1700,682000000
1701,684025381.3
1702,686056777.4
1703,688094206.4
1704,690137686
1705,692187234.3
1706,694242869.3
1707,696304609
1708,698372471.6
1709,700446475.3
1710,702526638.3
1711,704612978.9
1712,706705515.5
1713,708804266.4
1714,710909250.1
1715,713020485.1
1716,715137990
1717,717261783.3
1718,719391883.9
1719,721528310.3
1720,723671081.5
1721,725820216.2
1722,727975733.3
1723,730137651.8
1724,732305990.6
1725,734480769
1726,736662005.9
1727,738849720.6
1728,741043932.3
1729,743244660.3
1730,745451924
1731,747665742.7
1732,749886135.9
1733,752113123.2
1734,754346724.1
1735,756586958.3
1736,758833845.5
1737,761087405.4
1738,763347657.8
1739,765614622.7
1740,767888319.9
1741,770168769.5
1742,772455991.5
1743,774750006
1744,777050833.2
1745,779358493.3
1746,781673006.6
1747,783994393.5
1748,786322674.4
1749,788657869.7
1750,791000000
1751,794717824.6
1752,798453123.5
1753,802205978.9
1754,805976473.3
1755,809764689.7
1756,813570711.2
1757,817394621.7
1758,821236505.1
1759,825096446
1760,828974529.3
1761,832870840.1
1762,836785464.2
1763,840718487.7
1764,844669996.9
1765,848640078.9
1766,852628820.9
1767,856636310.7
1768,860662636.2
1769,864707886.2
1770,868772149.4
1771,872855515.3
1772,876958073.7
1773,881079914.7
1774,885221129.1
1775,889381807.8
1776,893562042.3
1777,897761924.6
1778,901981547.1
1779,906221002.4
1780,910480383.8
1781,914759785
1782,919059300
1783,923379023.4
1784,927719050.3
1785,932079475.9
1786,936460396.2
1787,940861907.5
1788,945284106.7
1789,949727090.8
1790,954190957.7
1791,958675805.5
1792,963181732.7
1793,967708838.6
1794,972257222.5
1795,976826984.5
1796,981418225.2
1797,986031045.4
1798,990665546.6
1799,995321830.7
1800,1000000000
1801,1004664802
1802,1009351364
1803,1014059788
1804,1018790176
1805,1023542630
1806,1028317253
1807,1033114150
1808,1037933422
1809,1042775176
1810,1047639515
1811,1052526546
1812,1057436374
1813,1062369105
1814,1067324846
1815,1072303705
1816,1077305789
1817,1082331207
1818,1087380067
1819,1092452480
1820,1097548554
1821,1102668401
1822,1107812130
1823,1112979854
1824,1118171684
1825,1123387734
1826,1128628115
1827,1133892941
1828,1139182327
1829,1144496387
1830,1149835235
1831,1155198989
1832,1160587763
1833,1166001675
1834,1171440841
1835,1176905381
1836,1182395411
1837,1187911051
1838,1193452421
1839,1199019640
1840,1204612829
1841,1210232109
1842,1215877602
1843,1221549430
1844,1227247715
1845,1232972583
1846,1238724155
1847,1244502558
1848,1250307916
1849,1256140354
1850,1262000000
1851,1268784448
1852,1275605369
1853,1282462959
1854,1289357415
1855,1296288935
1856,1303257718
1857,1310263966
1858,1317307878
1859,1324389659
1860,1331509510
1861,1338667638
1862,1345864247
1863,1353099545
1864,1360373740
1865,1367687040
1866,1375039656
1867,1382431800
1868,1389863683
1869,1397335520
1870,1404847525
1871,1412399914
1872,1419992904
1873,1427626714
1874,1435301563
1875,1443017671
1876,1450775261
1877,1458574556
1878,1466415778
1879,1474299155
1880,1482224913
1881,1490193279
1882,1498204482
1883,1506258754
1884,1514356324
1885,1522497427
1886,1530682296
1887,1538911167
1888,1547184275
1889,1555501859
1890,1563864158
1891,1572271413
1892,1580723864
1893,1589221756
1894,1597765331
1895,1606354837
1896,1614990519
1897,1623672626
1898,1632401408
1899,1641177115
1900,1650000000
1901,1664100277
1902,1678321050
1903,1692663349
1904,1707128211
1905,1721716684
1906,1736429825
1907,1751268699
1908,1766234381
1909,1781327953
1910,1796550510
1911,1811903153
1912,1827386993
1913,1843003153
1914,1858752762
1915,1874636962
1916,1890656902
1917,1906813742
1918,1923108653
1919,1939542814
1920,1956117415
1921,1972833656
1922,1989692748
1923,2006695911
1924,2023844377
1925,2041139388
1926,2058582195
1927,2076174061
1928,2093916261
1929,2111810079
1930,2129856811
1931,2148057764
1932,2166414255
1933,2184927614
1934,2203599181
1935,2222430308
1936,2241422358
1937,2260576708
1938,2279894744
1939,2299377864
1940,2319027479
1941,2338845013
1942,2358831900
1943,2378989587
1944,2399319534
1945,2419823214
1946,2440502110
1947,2461357720
1948,2482391554
1949,2503605135
1950,2525000000
1951,2569969436
1952,2615739762
1953,2662325244
1954,2709740398
1955,2758000000
1956,2808143238
1957,2859198131
1958,2911181254
1959,2964109482
1960,3018000000
1961,3076488627
1962,3136110760
1963,3196888365
1964,3258843836
1965,3322000000
1966,3391067693
1967,3461571372
1968,3533540893
1969,3607006733
1970,3682000000
1971,3754858930
1972,3829159583
1973,3904930488
1974,3982200737
1975,4061000000
1976,4134119115
1977,4208554753
1978,4284330621
1979,4361470848
1980,4440000000
1981,4519687775
1982,4600805763
1983,4683379632
1984,4767435511
1985,4853000000
1986,4941139751
1987,5030880288
1988,5122250685
1989,5215280542
1990,5310000000
1991,5392402499
1992,5476083750
1993,5561063597
1994,5647362192
1995,5735000000
1996,5811340384
1997,5888696959
1998,5967083252
1999,6046512969
2000,6127000000
2001,6203657653
2002,6281274405
2003,6359862255
2004,6439433352
2005,6520000000
2006,6600011975
2007,6681005839
2008,6762993641
2009,6845987579
2010,6930000000
2011,7011843868
2012,7094654320
2013,7178442769
2014,7263220767
2015,7349000000
2016,7464000000
2017,7547000000
2018,7631000000
2019,7713000000
2020,7794000000
2021,7888600000
2022,7975914286
2023,8063228571
2024,8150542857
2025,8237857143
2026,8325171429
2027,8412485714
2028,8499800000
2029,8587114286
2030,8674428571
2031,8761742857
2032,8849057143
2033,8936371429
2034,9023685714
2035,9111000000
2036,9198314286
2037,9285628571
2038,9372942857
2039,9460257143
2040,9547571429
2041,9634885714
2042,9722200000
2043,9809514286
2044,9896828571
2045,9984142857
2046,10071457140
2047,10158771430
2048,10246085710
2049,10333400000
2050,10420714290
2051,10508028570
2052,10595342860
2053,10682657140
2054,10769971430
2055,10857285710
2056,10944600000
2057,11031914290
2058,11119228570
2059,11206542860
2060,11293857140
2061,11381171430
2062,11468485710
2063,11555800000
2064,11643114290
2065,11730428570
2066,11817742860
2067,11905057140
2068,11992371430
2069,12079685710
2070,12167000000
2071,12254314290
2072,12341628570
2073,12428942860
2074,12516257140
2075,12603571430
2076,12690885710
2077,12778200000
2078,12865514290
2079,12952828570
2080,13040142860
2081,13127457140
2082,13214771430
2083,13302085710
2084,13389400000
2085,13476714290
2086,13564028570
2087,13651342860
2088,13738657140
2089,13825971430
2090,13913285710
2091,14000600000
2092,14087914290
2093,14175228570
2094,14262542860
2095,14349857140
2096,14437171430
2097,14524485710
2098,14611800000
2099,14699114290
2100,14786428570
